คำถาม,หมวดหมู่
"ทำไมถึงรู้สึกไม่เข้าใจเนื้อหาที่เรียนเลย?""",การเรียน
"""จะมีวิธีไหนที่จะช่วยให้เรียนได้ดีขึ้น?""",การเรียน
"""ทำไมถึงรู้สึกเครียดกับการสอบมากขนาดนี้?""",การเรียน
"""การเรียนรู้แบบไหนที่เหมาะกับฉันมากที่สุด?""",การเรียน
"""จะสามารถจัดการเวลาศึกษาให้ดีขึ้นได้อย่างไร?""",การเรียน
"""ทำไมถึงรู้สึกว่าทำการบ้านได้ช้า?""",การเรียน
"""จะมีโอกาสที่สามารถสอบได้คะแนนดีขึ้นไหม?""",การเรียน
"""ทำอย่างไรให้มีแรงจูงใจในการเรียน?""",การเรียน
"""จะสามารถเข้าใจเนื้อหาที่ซับซ้อนได้ไหม?""",การเรียน
"""การทำงานกลุ่มจะช่วยให้เรียนรู้มากขึ้นหรือไม่?""",การเรียน
"""ทำไมถึงรู้สึกว่าความจำไม่ดีเหมือนก่อน?""",การเรียน
"""จะต้องทำอย่างไรเพื่อให้การเรียนมีประสิทธิภาพ?""",การเรียน
"""การเตรียมตัวสำหรับการสอบจะต้องเริ่มต้นเมื่อไหร่?""",การเรียน
"""จะมีวิธีไหนที่จะช่วยให้ทบทวนได้ดีขึ้น?""",การเรียน
"""ทำไมถึงรู้สึกว่าไม่มีเวลาเรียนเลย?""",การเรียน
"""จะสามารถหาความช่วยเหลือจากเพื่อนหรืออาจารย์ได้ไหม?""",การเรียน
"""ทำไมถึงรู้สึกว่าความรู้ที่เรียนไม่สามารถนำไปใช้ได้จริง?""",การเรียน
"""จะต้องปรับปรุงทักษะการเรียนรู้ของตัวเองอย่างไร?""",การเรียน
"""ทำอย่างไรให้การเรียนในห้องเรียนมีความสนุกสนาน?""",การเรียน
"""การเข้าร่วมกิจกรรมนอกหลักสูตรจะช่วยพัฒนาทักษะการเรียนไหม?",การเรียน
"ทำไมถึงรู้สึกเหนื่อยตลอดเวลา?""",สุขภาพ
"""จะสามารถปรับเปลี่ยนพฤติกรรมเพื่อสุขภาพที่ดีได้อย่างไร?""",สุขภาพ
"""การออกกำลังกายจะช่วยให้มีสุขภาพดีขึ้นไหม?""",สุขภาพ
"""ทำไมถึงมีอาการปวดหัวบ่อยๆ?""",สุขภาพ
"""จะมีวิธีไหนบ้างที่จะช่วยให้สุขภาพจิตดีขึ้น?""",สุขภาพ
"""ทำไมถึงรู้สึกเครียดและวิตกกังวลอยู่เสมอ?""",สุขภาพ
"""ควรทำอย่างไรเมื่อรู้สึกไม่สบายตัว?""",สุขภาพ
"""การนอนหลับไม่พอจะส่งผลกระทบต่อสุขภาพอย่างไร?""",สุขภาพ
"""จะมีอาหารหรือการควบคุมอาหารที่ช่วยให้สุขภาพดีขึ้นไหม?""",สุขภาพ
"""ทำไมถึงรู้สึกว่าร่างกายไม่แข็งแรงเหมือนเดิม?""",สุขภาพ
"""การตรวจสุขภาพประจำปีจะมีความสำคัญไหม?""",สุขภาพ
"""จะมีโอกาสที่อาการป่วยจะดีขึ้นในเร็วๆ นี้หรือไม่?""",สุขภาพ
"""ทำไมถึงรู้สึกซึมเศร้าและไม่มีความสุข?""",สุขภาพ
"""จะสามารถจัดการกับโรคเรื้อรังได้อย่างไร?""",สุขภาพ
"""การฝึกสมาธิจะช่วยให้มีสุขภาพจิตดีขึ้นไหม?""",สุขภาพ
"""ทำไมถึงรู้สึกว่าไม่สามารถควบคุมอารมณ์ได้?""",สุขภาพ
"""จะมีวิธีไหนบ้างที่จะช่วยลดน้ำหนักได้อย่างมีสุขภาพ?""",สุขภาพ
"""การใช้ชีวิตที่มีสุขภาพดีจะต้องทำอย่างไร?""",สุขภาพ
"""จะมีโอกาสหายจากโรคนี้ไหม?""",สุขภาพ
"""ทำไมถึงรู้สึกไม่มั่นใจในสุขภาพของตัวเอง?""",สุขภาพ
"ทำไมความรู้สึกของฉันถึงเปลี่ยนไป?""",ความรัก
"""จะสามารถสร้างความเชื่อใจกันได้ไหม?""",ความรัก
"""ฉันรู้สึกว่าความสัมพันธ์นี้ไม่ค่อยมีความสุขเลย จะทำอย่างไรดี?""",ความรัก
"""ทำไมถึงรู้สึกเหงาเมื่ออยู่กับคนที่รัก?""",ความรัก
"""จะมีวิธีไหนบ้างที่ทำให้เรากลับมาเข้าใจกัน?""",ความรัก
"""ความรักในชีวิตจะมีความหมายไหมถ้าเราไม่เข้าใจกัน?""",ความรัก
"""ทำไมการพูดคุยกันถึงรู้สึกยากขึ้นทุกที?""",ความรัก
"""จะมีโอกาสที่จะกลับมาเป็นเหมือนเดิมไหม?""",ความรัก
"""ทำไมฉันถึงรู้สึกเบื่อหน่ายกับความสัมพันธ์นี้?""",ความรัก
"""จะต้องทำอย่างไรถึงจะฟื้นฟูความรัก?""",ความรัก
"""ถ้าฉันตัดสินใจเดินออกมา จะมีอะไรเกิดขึ้น?""",ความรัก
"""ความรักที่ไม่สมหวังจะส่งผลต่อชีวิตในอนาคตไหม?""",ความรัก
"""ทำไมถึงรู้สึกว่าทุกอย่างช่างแปลกไป?""",ความรัก
"""จะมีสิ่งดีๆ รออยู่ในอนาคตไหม?""",ความรัก
"""การใช้เวลากับตัวเองจะช่วยอะไรได้บ้าง?""",ความรัก
"""จะมีความรู้สึกเหมือนเดิมเมื่อเรากลับมาคบกันอีกครั้งไหม?""",ความรัก
"""ทำไมการตัดสินใจในความรักถึงยากเย็นนัก?""",ความรัก
"""จะสามารถพัฒนาความสัมพันธ์ให้ดีขึ้นได้อย่างไร?""",ความรัก
"""ทำไมถึงรู้สึกว่าฉันไม่เข้าใจเขา?""",ความรัก
"""จะสามารถเปิดใจให้กันได้ไหม?",ความรัก
"จะทำอย่างไรให้มีเงินเก็บเพิ่มขึ้น?""",การเงิน
"""ทำไมการใช้จ่ายถึงไม่เคยพอ?""",การเงิน
"""จะสามารถจัดการปัญหานี้ได้อย่างไร?""",การเงิน
"""การลงทุนในช่วงนี้จะช่วยให้มีอนาคตที่ดีขึ้นไหม?""",การเงิน
"""ทำไมถึงรู้สึกเครียดเรื่องเงินอยู่เสมอ?""",การเงิน
"""จะสามารถเปลี่ยนแปลงสถานการณ์นี้ได้ไหม?""",การเงิน
"""มีวิธีไหนที่จะช่วยให้ใช้จ่ายได้ดีขึ้น?""",การเงิน
"""จะมีอะไรที่ช่วยให้สถานการณ์การเงินดีขึ้น?""",การเงิน
"""ทำไมถึงรู้สึกว่าทุกอย่างแพงขึ้น?""",การเงิน
"""จะมีโอกาสได้รับการช่วยเหลือจากคนรอบข้างไหม?""",การเงิน
"""ทำอย่างไรให้การใช้จ่ายมีความรับผิดชอบมากขึ้น?""",การเงิน
"""การเริ่มต้นใหม่ในด้านการเงินจะเป็นไปได้ไหม?""",การเงิน
"""จะสามารถใช้ชีวิตแบบไม่เครียดเรื่องการเงินได้ไหม?""",การเงิน
"""ทำไมการกู้เงินถึงเป็นเรื่องที่ซับซ้อน?""",การเงิน
"""จะมีอะไรที่ทำให้เงินไหลเข้ามามากขึ้นไหม?""",การเงิน
"""ควรจัดการเรื่องการเงินอย่างไรในระยะยาว?""",การเงิน
"""จะมีการเปลี่ยนแปลงในรายได้ในอนาคตไหม?""",การเงิน
"""การลดค่าใช้จ่ายจะช่วยอะไรได้บ้าง?""",การเงิน
"""ทำไมถึงรู้สึกว่าชีวิตมีแต่เรื่องเครียดเรื่องเงิน?""",การเงิน
"""จะมีโอกาสในการสร้างรายได้ใหม่ๆ หรือไม่?""",การเงิน
"ทำไมถึงรู้สึกไม่มั่นใจในงานที่ทำอยู่?""",การงาน
"""จะมีวิธีไหนที่จะช่วยให้มีแรงจูงใจมากขึ้น?""",การงาน
"""ทำไมถึงรู้สึกว่าตนเองไม่เหมาะกับงานนี้?""",การงาน
"""การทำงานในสภาพแวดล้อมนี้จะส่งผลต่อชีวิตอย่างไร?""",การงาน
"""จะสามารถสร้างความสัมพันธ์ที่ดีในที่ทำงานได้ไหม?""",การงาน
"""ทำอย่างไรให้ได้งานที่ตรงใจ?""",การงาน
"""จะมีโอกาสเติบโตในอาชีพนี้ไหม?""",การงาน
"""ทำไมการขอขึ้นเงินเดือนถึงรู้สึกยาก?""",การงาน
"""จะต้องทำอย่างไรเพื่อให้การทำงานมีประสิทธิภาพมากขึ้น?""",การงาน
"""มีอะไรที่ฉันควรเรียนรู้เพิ่มเติมเพื่อพัฒนาตัวเอง?""",การงาน
"""จะมีการเปลี่ยนแปลงในอาชีพของฉันในอนาคตหรือไม่?""",การงาน
"""การเปลี่ยนแปลงจะช่วยให้ชีวิตดีขึ้นไหม?""",การงาน
"""ทำไมถึงรู้สึกว่าทำงานหนักแต่ไม่เห็นผล?""",การงาน
"""จะมีโอกาสทำงานที่ต้องเดินทางมากขึ้นไหม?""",การงาน
"""การมีความสุขในงานจะทำให้ชีวิตดีขึ้นหรือไม่?""",การงาน
"""จะมีอะไรที่สามารถช่วยให้สร้างสรรค์งานได้ดีขึ้น?""",การงาน
"""ทำไมถึงรู้สึกไม่สนุกกับงานที่ทำอยู่?""",การงาน
"""จะสามารถหางานใหม่ที่ดีกว่าได้ไหม?""",การงาน
"""มีวิธีไหนที่จะช่วยให้ได้รับการยอมรับจากผู้บังคับบัญชา?""",การงาน
"""การเติบโตในอาชีพจะเกิดขึ้นได้อย่างไร?""",การงาน
"ทำไมรู้สึกว่าชีวิตไม่เคยมีโชคดี?""",เสริมดวง
"""จะสามารถสร้างโอกาสให้ดีขึ้นได้อย่างไร?""",เสริมดวง
"""ทำไมถึงรู้สึกว่าทุกอย่างไม่เข้าทาง?""",เสริมดวง
"""จะมีทางไหนบ้างที่จะทำให้ชีวิตเปลี่ยนแปลง?""",เสริมดวง
"""ทำอย่างไรให้ความโชคดีเข้ามาในชีวิต?""",เสริมดวง
"""จะสามารถดึงดูดสิ่งดีๆ มาสู่ชีวิตได้ไหม?""",เสริมดวง
"""ทำไมถึงรู้สึกว่าทำอะไรก็ไม่ประสบความสำเร็จ?""",เสริมดวง
"""จะมีวิธีใดที่จะช่วยให้โชคดีขึ้น?""",เสริมดวง
"""การสร้างความคิดเชิงบวกจะช่วยได้ไหม?""",เสริมดวง
"""ทำไมถึงรู้สึกว่ามีแต่ปัญหาตลอดเวลา?""",เสริมดวง
"""จะมีโอกาสที่โชคจะเข้าข้างในอนาคตหรือไม่?""",เสริมดวง
"""การทำบุญจะช่วยเสริมโชคได้หรือไม่?""",เสริมดวง
"""ทำไมถึงรู้สึกว่าชีวิตไม่มีทิศทาง?""",เสริมดวง
"""จะต้องทำอย่างไรเพื่อสร้างโชคดีให้กับตัวเอง?""",เสริมดวง
"""จะมีสัญญาณอะไรบอกว่าโชคดีใกล้เข้ามา?""",เสริมดวง
"""ทำไมถึงรู้สึกว่าตนเองไม่คู่ควรกับโชคดี?""",เสริมดวง
"""จะสามารถพลิกชีวิตให้ดีขึ้นได้ไหม?""",เสริมดวง
"""การตั้งเป้าหมายจะช่วยให้มีโชคดีขึ้นหรือไม่?""",เสริมดวง
"""ทำไมถึงรู้สึกว่าความโชคดีเป็นเรื่องที่ไกลตัว?""",เสริมดวง
"""จะมีโอกาสสัมผัสโชคดีในอนาคตหรือไม่?""",เสริมดวง
"ทำไมถึงรู้สึกกังวลเมื่อต้องเดินทาง?""",เดินทาง
"""จะมีวิธีไหนที่จะช่วยให้เดินทางเป็นประสบการณ์ที่ดี?""",เดินทาง
"""ทำไมถึงรู้สึกไม่อยากเดินทางในช่วงนี้?""",เดินทาง
"""เดินทางจะช่วยให้มีความสุขมากขึ้นไหม?""",เดินทาง
"""จะมีโอกาสไปยังสถานที่ใหม่ๆ หรือไม่?""",เดินทาง
"""ทำอย่างไรให้เดินทางเป็นไปอย่างราบรื่น?""",เดินทาง
"""จะมีสิ่งที่น่าตื่นเต้นรออยู่ในระหว่างเดินทางหรือไม่?""",เดินทาง
"""ทำไมถึงรู้สึกว่าเดินทางเป็นเรื่องที่ซับซ้อน?""",เดินทาง
"""การเลือกจุดหมายปลายทางจะช่วยให้มีความสุขหรือไม่?""",เดินทาง
"""จะสามารถเดินทางคนเดียวได้ไหมและรู้สึกปลอดภัยหรือไม่?""",เดินทาง
"""ทำไมถึงรู้สึกว่าเวลาเดินทางรู้สึกเหนื่อยมาก?""",เดินทาง
"""จะมีโอกาสได้สัมผัสประสบการณ์ใหม่ๆ ในเดินทางไหม?""",เดินทาง
"""ทำอย่างไรให้เดินทางเป็นที่น่าจดจำ?""",เดินทาง
"""เดินทางจะมีผลต่อชีวิตในทางที่ดีขึ้นไหม?""",เดินทาง
"""ทำไมถึงรู้สึกไม่อยากกลับบ้านหลังจากเดินทาง?""",เดินทาง
"""จะมีเหตุการณ์ที่น่าจดจำระหว่างเดินทางไหม?""",เดินทาง
"""เดินทางจะช่วยให้คลายเครียดได้หรือไม่?""",เดินทาง
"""จะต้องเตรียมตัวอย่างไรให้พร้อมสำหรับเดินทาง?""",เดินทาง
"""ทำไมถึงรู้สึกไม่อยากเดินทางในช่วงนี้?""",เดินทาง
"""จะมีโอกาสในเดินทางเพื่อพัฒนาตนเองหรือไม่?",เดินทาง
"จะมีวิธีไหนช่วยให้เรียนรู้ได้เร็วขึ้น?""",การเรียน
"""ทำไมการอ่านหนังสือถึงทำให้รู้สึกเบื่อ?""",การเรียน
"""จะสามารถเข้าใจบทเรียนที่ยากๆ ได้ไหม?""",การเรียน
"""ทำไมถึงรู้สึกว่าเวลาศึกษาไม่เพียงพอ?""",การเรียน
"""การมีเพื่อนร่วมเรียนจะช่วยให้ดีขึ้นไหม?""",การเรียน
"""จะมีการจัดการเรียนที่สามารถทำให้สนุกได้ไหม?""",การเรียน
"""ทำไมการเรียนออนไลน์ถึงรู้สึกต่างจากการเรียนในห้องเรียน?""",การเรียน
"""จะสามารถหาวิธีการสอนที่ทำให้เข้าใจได้ดีกว่านี้ไหม?""",การเรียน
"""การเข้าร่วมเวิร์คช็อปจะมีประโยชน์ไหม?""",การเรียน
"""จะมีโอกาสได้เรียนต่อในระดับที่สูงขึ้นหรือไม่?""",การเรียน
"การทำสมาธิจะช่วยให้มีสุขภาพจิตดีขึ้นไหม?""",สุขภาพ
"""ทำไมถึงรู้สึกว่าอาการป่วยไม่หายสักที?""",สุขภาพ
"""จะมีอะไรที่ช่วยให้จัดการกับความเครียดได้ดีขึ้น?""",สุขภาพ
"""ทำอย่างไรให้การออกกำลังกายเป็นเรื่องสนุก?""",สุขภาพ
"""จะต้องระวังอะไรในการรับประทานอาหาร?""",สุขภาพ
"""การทำอาหารเองจะช่วยให้สุขภาพดีขึ้นหรือไม่?""",สุขภาพ
"""จะสามารถดูแลสุขภาพจิตให้ดีขึ้นได้อย่างไร?""",สุขภาพ
"""ทำไมถึงรู้สึกว่าร่างกายอ่อนแอเมื่ออายุมากขึ้น?""",สุขภาพ
"""การนอนหลับที่เพียงพอจะส่งผลต่อสุขภาพอย่างไร?""",สุขภาพ
"""จะมีวิธีไหนที่จะช่วยให้รู้สึกสดชื่นและมีพลัง?""",สุขภาพ
"ทำไมถึงไม่สามารถปล่อยความสัมพันธ์ที่ไม่ดีได้?""",ความรัก
"""จะมีวิธีไหนที่จะทำให้ความรักกลับมาหวานชื่น?""",ความรัก
"""ทำไมถึงรู้สึกว่าเขาไม่เข้าใจตัวเราเลย?""",ความรัก
"""จะต้องทำอย่างไรเมื่อรู้สึกไม่พอใจกับความรัก?""",ความรัก
"""การสื่อสารอย่างเปิดเผยจะช่วยอะไรได้บ้าง?""",ความรัก
"""จะมีโอกาสที่จะเริ่มต้นใหม่ในความรักไหม?""",ความรัก
"""ทำไมถึงรู้สึกว่าวันนี้เป็นวันที่แย่ในความรัก?""",ความรัก
"""จะมีการเปลี่ยนแปลงในความรู้สึกที่มีต่อกันไหม?""",ความรัก
"""การแสดงความรักจะทำให้ความสัมพันธ์ดีขึ้นหรือไม่?""",ความรัก
"""จะสามารถฟื้นฟูความรักที่หายไปได้ไหม?""",ความรัก
"ทำไมถึงรู้สึกว่าค่าใช้จ่ายสูงขึ้นทุกเดือน?""",การเงิน
"""จะมีวิธีการออมเงินที่ทำให้เห็นผลจริงไหม?""",การเงิน
"""การตั้งงบประมาณจะช่วยให้การเงินดีขึ้นไหม?""",การเงิน
"""ทำอย่างไรให้การจัดการเงินเป็นเรื่องง่าย?""",การเงิน
"""จะมีโอกาสลงทุนในสิ่งที่ทำให้รวยขึ้นหรือไม่?""",การเงิน
"""การทำงานพาร์ทไทม์จะช่วยให้มีรายได้เสริมไหม?""",การเงิน
"""ทำไมถึงรู้สึกว่าทำงานหนักแต่เงินไม่พอใช้?""",การเงิน
"""จะสามารถหางานที่มีรายได้ดีในตอนนี้ได้ไหม?""",การเงิน
"""การทำบัญชีรายรับรายจ่ายจะมีประโยชน์หรือไม่?""",การเงิน
"""จะต้องทำอย่างไรเพื่อให้หนี้สินลดน้อยลง?""",การเงิน
"ทำไมถึงรู้สึกว่างานนี้ไม่ใช่สิ่งที่ต้องการ?""",การงาน
"""จะมีโอกาสในการเลื่อนตำแหน่งในเร็วๆ นี้ไหม?""",การงาน
"""ทำอย่างไรให้สามารถจัดการกับเพื่อนร่วมงานที่ไม่ดี?""",การงาน
"""จะมีการเปลี่ยนแปลงในทีมงานที่จะช่วยให้ดีขึ้นไหม?""",การงาน
"""การพัฒนาทักษะใหม่ๆ จะช่วยให้มีความก้าวหน้าในอาชีพไหม?""",การงาน
"""ทำไมถึงรู้สึกว่าสภาพแวดล้อมการทำงานไม่สนับสนุน?""",การงาน
"""จะต้องทำอย่างไรเมื่อรู้สึกท้อแท้ในงาน?""",การงาน
"""การเข้าร่วมการประชุมจะช่วยให้พัฒนาอาชีพได้หรือไม่?""",การงาน
"""จะมีโอกาสที่ได้รับการเลื่อนตำแหน่งในปีนี้ไหม?""",การงาน
"""การเรียนรู้จากความผิดพลาดจะช่วยให้มีประสบการณ์ที่ดีขึ้นหรือไม่?""",การงาน
"ทำไมถึงรู้สึกว่าชีวิตไม่มีโชคช่วย?""",เสริมดวง
"""จะสามารถปรับเปลี่ยนความคิดเพื่อดึงดูดโชคดีได้ไหม?""",เสริมดวง
"""การทำบุญจะช่วยให้ชีวิตมีโชคดีขึ้นจริงหรือไม่?""",เสริมดวง
"""ทำอย่างไรให้โชคดีเข้ามาหาตัวเอง?""",เสริมดวง
"""จะมีสัญญาณอะไรที่บอกว่าโชคดีใกล้เข้ามา?""",เสริมดวง
"""ทำไมถึงรู้สึกว่าการทำงานหนักไม่ส่งผลดี?""",เสริมดวง
"""จะสามารถเปลี่ยนแปลงโชคชะตาได้ไหม?""",เสริมดวง
"""การสร้างสภาพแวดล้อมที่ดีจะช่วยให้มีโชคดีไหม?""",เสริมดวง
"""จะมีสิ่งที่ดึงดูดโชคเข้ามาในชีวิตได้อย่างไร?""",เสริมดวง
"""ทำไมถึงรู้สึกว่าตนเองไม่มีโชคในการลงทุน?""",เสริมดวง
"จะมีเดินทางที่น่าสนใจในอนาคตใกล้ๆ นี้ไหม?""",เดินทาง
"""เดินทางแบบแบกเป้จะเหมาะกับฉันไหม?""",เดินทาง
"""ทำอย่างไรให้เดินทางไม่เป็นภาระ?""",เดินทาง
"""จะมีวิธีไหนที่จะทำให้ประหยัดค่าใช้จ่ายระหว่างเดินทาง?""",เดินทาง
"""ทำไมถึงรู้สึกว่าเดินทางเพื่อธุรกิจเป็นเรื่องที่ซับซ้อน?""",เดินทาง
"""เดินทางไปต่างประเทศจะต้องเตรียมตัวอย่างไรบ้าง?""",เดินทาง
"""จะมีโอกาสสัมผัสวัฒนธรรมใหม่ๆ ในระหว่างเดินทางไหม?""",เดินทาง
"""ทำไมถึงรู้สึกว่าเดินทางเมื่อมีครอบครัวเป็นเรื่องยาก?""",เดินทาง
"""จะสามารถใช้เทคโนโลยีช่วยในเดินทางได้อย่างไร?""",เดินทาง
"""ทำไมถึงรู้สึกว่าเดินทางที่วางแผนไว้ไม่เป็นไปตามคาด",เดินทาง
